Жуковский В.А.,"""Верь тому, что сердце скажет… "" Стихотворения и баллады","406,00 ₽",https://cdn.shop.prosv.ru/content/images/thumbs/0091488_240.jpeg,"Жуковский В.А.406,00 ₽"
Андреева О. С.,"""Мама, папа дайте денег! Или как воспитать у детей разумное отношение к финансам","454,00 ₽",https://cdn.shop.prosv.ru/content/images/thumbs/0087292_mama-papa-dajte-deneg-ili-kak-vospitat-u-detej-razumnoe-otnoenie-k-finansam_240.jpeg,"Андреева О. С.454,00 ₽"
Шевелев К.В.,"""От цифры к цифре"". Рабочая тетрадь для детей 6-7 лет","124,00 ₽",https://cdn.shop.prosv.ru/content/images/thumbs/0085735_240.jpeg,"Шевелев К.В.124,00 ₽"
"Полуянова О.Д., Полуянов С.А.","""Правописание парных, непроизносимых и удвоенных согласных"". Тренажер по русскому языку для учащихся 2-3 классов Полуянова О.Д., Полуянов С.А.","158,00 ₽",https://cdn.shop.prosv.ru/content/images/thumbs/0087283_240.jpeg,"Полуянова О.Д., Полуянов С.А.158,00 ₽"
Колесникова Е.В.,"""Развитие фонематического слуха у детей 4-5 лет"" Сценарии учебно-игровых занятий к рабочей тетради ""От слова к звуку""","196,00 ₽",https://cdn.shop.prosv.ru/content/images/thumbs/0081216_240.jpeg,"Колесникова Е.В.196,00 ₽"
Колесникова Е.В.,"""Хочу все знать!"" Тетрадь для совместной деятельности взрослого и ребенка 5-7 лет","132,00 ₽",https://cdn.shop.prosv.ru/content/images/thumbs/0077734_240.jpeg,"Колесникова Е.В.132,00 ₽"
Лермонтов М.Ю.,"""Я был готов любить весь мир…"" Лирика","451,00 ₽",https://cdn.shop.prosv.ru/content/images/thumbs/0091502_240.jpeg,"Лермонтов М.Ю.451,00 ₽"
Гумилев Н.С.,«Сады моей души…» Стихотворения. Статьи. Воспоминания,"451,00 ₽",https://cdn.shop.prosv.ru/content/images/thumbs/0091480_240.jpeg,"Гумилев Н.С.451,00 ₽"
Тютчев Ф.И.,«Я помню время золотое…» Лирика,"451,00 ₽",https://cdn.shop.prosv.ru/content/images/thumbs/0091560_240.jpeg,"Тютчев Ф.И.451,00 ₽"
Блок А.А.,«Я сердце вьюгой закрутил...» Лирика. Блок А.А.,"451,00 ₽",https://cdn.shop.prosv.ru/content/images/thumbs/0091430_240.jpeg,"Блок А.А.451,00 ₽"
Лукашкина М.,10 Тучек озорных! Считаем от 10 до 1,"247,00 ₽",https://cdn.shop.prosv.ru/content/images/thumbs/0086898_240.jpeg,"Лукашкина М.247,00 ₽"
Сборник,100 вопросов по картинкам. Давай поговорим,"276,00 ₽",https://cdn.shop.prosv.ru/content/images/thumbs/0085667_240.jpeg,"Сборник276,00 ₽"
Рыдзе О. А.,100 задач по математике с решениями и ответами. 1 класс,"148,00 ₽",https://cdn.shop.prosv.ru/content/images/thumbs/0083466_240.jpeg,"Рыдзе О. А.148,00 ₽"
Рыдзе О. А.,100 задач по математике с решениями и ответами. 2 класс,"148,00 ₽",https://cdn.shop.prosv.ru/content/images/thumbs/0026976_100-zada-po-matematike-s-reenimi-i-otvetami-2-klass_240.jpeg,"Рыдзе О. А.148,00 ₽"
Рыдзе О. А.,100 задач по математике с решениями и ответами. 3 класс,"148,00 ₽",https://cdn.shop.prosv.ru/content/images/thumbs/0036565_100-zada-po-matematike-s-reenimi-i-otvetami-3-klass_240.jpeg,"Рыдзе О. А.148,00 ₽"
Рыдзе О. А.,100 задач по математике с решениями и ответами. 4 класс,"148,00 ₽",https://cdn.shop.prosv.ru/content/images/thumbs/0036796_100-zada-po-matematike-s-reenimi-i-otvetami-4-klass_240.jpeg,"Рыдзе О. А.148,00 ₽"
Шевелев К.В.,100 задачек по математике. Рабочая тетрадь для детей 5-6 лет,"126,00 ₽",https://cdn.shop.prosv.ru/content/images/thumbs/0090760_240.jpeg,"Шевелев К.В.126,00 ₽"
"Пасечник В.В., Швецов Г.Г.",10-11 классы. Общая биология. Рабочая тетрадь с тест. заданиями ЕГЭ (базовый),"288,80 ₽",https://cdn.shop.prosv.ru/content/images/thumbs/0084534_240.jpeg,"Пасечник В.В., Швецов Г.Г.288,80 ₽"
Сборник,105 вопросов по картинкам. Кто это? Что это?,"276,00 ₽",https://cdn.shop.prosv.ru/content/images/thumbs/0085665_240.jpeg,"Сборник276,00 ₽"
Сборник,110 вопросов по картинкам. Про ребят и про зверят,"276,00 ₽",https://cdn.shop.prosv.ru/content/images/thumbs/0085666_240.jpeg,"Сборник276,00 ₽"
Сборник,116 вопросов по картинкам. Мир полон чудес,"276,00 ₽",https://cdn.shop.prosv.ru/content/images/thumbs/0085669_240.jpeg,"Сборник276,00 ₽"
Сборник,117 вопросов по картинкам. Самый лучший день,"276,00 ₽",https://cdn.shop.prosv.ru/content/images/thumbs/0085668_240.jpeg,"Сборник276,00 ₽"
Кузнецова М.И.,500. Тренировочные задачи по математике. 1 класс. ФГОС,"75,00 ₽",https://cdn.shop.prosv.ru/content/images/thumbs/0086741_240.jpeg,"Кузнецова М.И.75,00 ₽"
Кузнецова М.И.,500. Тренировочные задачи по математике. 2 класс. ФГОС,"75,00 ₽",https://cdn.shop.prosv.ru/content/images/thumbs/0086742_240.jpeg,"Кузнецова М.И.75,00 ₽"
Кузнецова М.И.,500. Тренировочные задачи по математике. 3 класс. ФГОС,"75,00 ₽",https://cdn.shop.prosv.ru/content/images/thumbs/0086743_240.jpeg,"Кузнецова М.И.75,00 ₽"
Кузнецова М.И.,500. Тренировочные задачи по математике. 4 класс. ФГОС,"79,00 ₽",https://cdn.shop.prosv.ru/content/images/thumbs/0086744_240.jpeg,"Кузнецова М.И.79,00 ₽"
"Николаева Л.П., Иванова И.В.",5000. Тренировочные задания по математике. 1 класс. ФГОС,"79,00 ₽",https://cdn.shop.prosv.ru/content/images/thumbs/0086745_240.jpeg,"Николаева Л.П., Иванова И.В.79,00 ₽"
"Николаева Л.П., Иванова И.В.",5000. Тренировочные задания по математике. 2 класс. ФГОС,"79,00 ₽",https://cdn.shop.prosv.ru/content/images/thumbs/0086746_240.jpeg,"Николаева Л.П., Иванова И.В.79,00 ₽"
"Николаева Л.П., Иванова И.В.",5000. Тренировочные задания по математике. 3 класс. ФГОС,"79,00 ₽",https://cdn.shop.prosv.ru/content/images/thumbs/0086747_240.jpeg,"Николаева Л.П., Иванова И.В.79,00 ₽"
"Николаева Л.П., Иванова И.В.",5000. Тренировочные задания по математике. 4 класс. ФГОС,"75,00 ₽",https://cdn.shop.prosv.ru/content/images/thumbs/0086748_240.jpeg,"Николаева Л.П., Иванова И.В.75,00 ₽"
"Николаева Л.П., Иванова И.В.",5000. Тренировочные задания по русскому языку. 1 класс. ФГОС,"79,00 ₽",https://cdn.shop.prosv.ru/content/images/thumbs/0086749_240.jpeg,"Николаева Л.П., Иванова И.В.79,00 ₽"
"Николаева Л.П., Иванова И.В.",5000. Тренировочные задания по русскому языку. 2 класс. ФГОС,"79,00 ₽",https://cdn.shop.prosv.ru/content/images/thumbs/0086750_240.jpeg,"Николаева Л.П., Иванова И.В.79,00 ₽"
"Николаева Л.П., Иванова И.В.",5000. Тренировочные задания по русскому языку. 3 класс. ФГОС,"79,00 ₽",https://cdn.shop.prosv.ru/content/images/thumbs/0086751_240.jpeg,"Николаева Л.П., Иванова И.В.79,00 ₽"
"Николаева Л.П., Иванова И.В.",5000. Тренировочные задания по русскому языку. 4 класс. ФГОС,"79,00 ₽",https://cdn.shop.prosv.ru/content/images/thumbs/0086752_240.jpeg,"Николаева Л.П., Иванова И.В.79,00 ₽"
Барашкова Е.А.,5000. Тренировочные примеры по английскому языку. Present continuous. ФГОС,"77,00 ₽",https://cdn.shop.prosv.ru/content/images/thumbs/0090009_240.jpeg,"Барашкова Е.А.77,00 ₽"
Барашкова Е.А.,5000. Тренировочные примеры по английскому языку. Present simple. ФГОС,"77,00 ₽",https://cdn.shop.prosv.ru/content/images/thumbs/0090010_240.jpeg,"Барашкова Е.А.77,00 ₽"
Барашкова Е.А.,"5000. Тренировочные примеры по английскому языку. Глаголы be, have, can, must. ФГОС","79,00 ₽",https://cdn.shop.prosv.ru/content/images/thumbs/0086753_5000-trenirovonye-primery-po-anglijskomu-zyku-glagoly-be-have-can-must-fgos_240.jpeg,"Барашкова Е.А.79,00 ₽"
Кузнецова М.И.,5000. тренировочные примеры по математике. 1 класс. счет в пределах 20.,"79,00 ₽",https://cdn.shop.prosv.ru/content/images/thumbs/0087428_240.jpeg,"Кузнецова М.И.79,00 ₽"
Кузнецова М.И.,5000. Тренировочные примеры по математике. 1 класс. Счет от 6 до 10. ФГОС,"77,00 ₽",https://cdn.shop.prosv.ru/content/images/thumbs/0090014_240.jpeg,"Кузнецова М.И.77,00 ₽"
Кузнецова М.И.,5000. ТРЕНИРОВОЧНЫЕ ПРИМЕРЫ ПО МАТЕМАТИКЕ. 2 КЛАСС. ПОВТОРЕНИЕ И ЗАКРЕПЛЕНИЕ. ФГОС,"58,00 ₽",https://cdn.shop.prosv.ru/content/images/thumbs/0090018_240.jpeg,"Кузнецова М.И.58,00 ₽"
Кузнецова М.И.,5000. Тренировочные примеры по математике. 2 класс. Счет в пределах 100. ФГОС,"79,00 ₽",https://cdn.shop.prosv.ru/content/images/thumbs/0087206_240.jpeg,"Кузнецова М.И.79,00 ₽"
Кузнецова М.И.,5000. Тренировочные примеры по математике. Внетабличное умножение и деление. 3-4 классы. ФГОС,"77,00 ₽",https://cdn.shop.prosv.ru/content/images/thumbs/0086755_240.jpeg,"Кузнецова М.И.77,00 ₽"
Кузнецова М.И.,5000. Тренировочные примеры по математике. Повторение и закрепление. 3 класс. ФГОС,"79,00 ₽",https://cdn.shop.prosv.ru/content/images/thumbs/0086754_5000-trenirovonye-primery-po-matematike-povtorenie-i-zakreplenie-3-klass-fgos_240.jpeg,"Кузнецова М.И.79,00 ₽"
Кузнецова М.И.,5000. Тренировочные примеры по математике. Повторение и закрепление. 4 класс. ФГОС,"77,00 ₽",https://cdn.shop.prosv.ru/content/images/thumbs/0090011_240.jpeg,"Кузнецова М.И.77,00 ₽"
Кузнецова М.И.,5000. Тренировочные примеры по математике. Счет в пределах 10. 1 класс. ФГОС,"77,00 ₽",https://cdn.shop.prosv.ru/content/images/thumbs/0090012_240.jpeg,"Кузнецова М.И.77,00 ₽"
Кузнецова М.И.,5000. Тренировочные примеры по математике. Счет от 1 до 5. 1 класс. ФГОС,"77,00 ₽",https://cdn.shop.prosv.ru/content/images/thumbs/0090013_240.jpeg,"Кузнецова М.И.77,00 ₽"
Кузнецова М.И.,5000. Тренировочные примеры по математике. Табличное умножение и деление. 2-3 классы. ФГОС,"79,00 ₽",https://cdn.shop.prosv.ru/content/images/thumbs/0086756_240.jpeg,"Кузнецова М.И.79,00 ₽"
Кузнецова М.И.,5000. Тренировочные примеры по математике. Учимся писать цифры. 1 класс. ФГОС,"77,00 ₽",https://cdn.shop.prosv.ru/content/images/thumbs/0090015_240.jpeg,"Кузнецова М.И.77,00 ₽"
Кузнецова М.И.,5000. Тренировочные примеры по русскому языку. Безударные гласные. 1 класс. ФГОС,"77,00 ₽",https://cdn.shop.prosv.ru/content/images/thumbs/0090016_240.jpeg,"Кузнецова М.И.77,00 ₽"
Кузнецова М.И.,5000. Тренировочные примеры по русскому языку. Безударные гласные. 2 класс. ФГОС,"79,00 ₽",https://cdn.shop.prosv.ru/content/images/thumbs/0086757_240.jpeg,"Кузнецова М.И.79,00 ₽"
Кузнецова М.И.,5000. Тренировочные примеры по русскому языку. Безударные гласные. 3 класс. ФГОС,"79,00 ₽",https://cdn.shop.prosv.ru/content/images/thumbs/0086758_240.jpeg,"Кузнецова М.И.79,00 ₽"
Кузнецова М.И.,5000. Тренировочные примеры по русскому языку. Безударные гласные. 4 класс. ФГОС,"77,00 ₽",https://cdn.shop.prosv.ru/content/images/thumbs/0090017_240.jpeg,"Кузнецова М.И.77,00 ₽"
Кузнецова М.И.,5000. Тренировочные примеры по русскому языку. Контрольное списывание. 1 класс. ФГОС,"79,00 ₽",https://cdn.shop.prosv.ru/content/images/thumbs/0086759_240.jpeg,"Кузнецова М.И.79,00 ₽"
Кузнецова М.И.,5000. Тренировочные примеры по русскому языку. Контрольное списывание. 2 класс. ФГОС,"77,00 ₽",https://cdn.shop.prosv.ru/content/images/thumbs/0086760_5000-trenirovonye-primery-po-russkomu-zyku-kontrolnoe-spisyvanie-2-klass-fgos_240.jpeg,"Кузнецова М.И.77,00 ₽"
"Николаева Л.П., Иванова И.В.",5000. Тренировочные задания по математике. 2 класс. ФГОС,"79,00 ₽",https://cdn.shop.prosv.ru/content/images/thumbs/0086746_240.jpeg,"Николаева Л.П., Иванова И.В.79,00 ₽"
"Николаева Л.П., Иванова И.В.",5000. Тренировочные задания по математике. 3 класс. ФГОС,"79,00 ₽",https://cdn.shop.prosv.ru/content/images/thumbs/0086747_240.jpeg,"Николаева Л.П., Иванова И.В.79,00 ₽"
"Николаева Л.П., Иванова И.В.",5000. Тренировочные задания по математике. 4 класс. ФГОС,"75,00 ₽",https://cdn.shop.prosv.ru/content/images/thumbs/0086748_240.jpeg,"Николаева Л.П., Иванова И.В.75,00 ₽"
"Николаева Л.П., Иванова И.В.",5000. Тренировочные задания по русскому языку. 1 класс. ФГОС,"79,00 ₽",https://cdn.shop.prosv.ru/content/images/thumbs/0086749_240.jpeg,"Николаева Л.П., Иванова И.В.79,00 ₽"
"Николаева Л.П., Иванова И.В.",5000. Тренировочные задания по русскому языку. 2 класс. ФГОС,"79,00 ₽",https://cdn.shop.prosv.ru/content/images/thumbs/0086750_240.jpeg,"Николаева Л.П., Иванова И.В.79,00 ₽"
"Николаева Л.П., Иванова И.В.",5000. Тренировочные задания по русскому языку. 3 класс. ФГОС,"79,00 ₽",https://cdn.shop.prosv.ru/content/images/thumbs/0086751_240.jpeg,"Николаева Л.П., Иванова И.В.79,00 ₽"
"Николаева Л.П., Иванова И.В.",5000. Тренировочные задания по русскому языку. 4 класс. ФГОС,"79,00 ₽",https://cdn.shop.prosv.ru/content/images/thumbs/0086752_240.jpeg,"Николаева Л.П., Иванова И.В.79,00 ₽"
Барашкова Е.А.,5000. Тренировочные примеры по английскому языку. Present continuous. ФГОС,"77,00 ₽",https://cdn.shop.prosv.ru/content/images/thumbs/0090009_240.jpeg,"Барашкова Е.А.77,00 ₽"
Барашкова Е.А.,5000. Тренировочные примеры по английскому языку. Present simple. ФГОС,"77,00 ₽",https://cdn.shop.prosv.ru/content/images/thumbs/0090010_240.jpeg,"Барашкова Е.А.77,00 ₽"
Барашкова Е.А.,"5000. Тренировочные примеры по английскому языку. Глаголы be, have, can, must. ФГОС","79,00 ₽",https://cdn.shop.prosv.ru/content/images/thumbs/0086753_5000-trenirovonye-primery-po-anglijskomu-zyku-glagoly-be-have-can-must-fgos_240.jpeg,"Барашкова Е.А.79,00 ₽"
Кузнецова М.И.,5000. тренировочные примеры по математике. 1 класс. счет в пределах 20.,"79,00 ₽",https://cdn.shop.prosv.ru/content/images/thumbs/0087428_240.jpeg,"Кузнецова М.И.79,00 ₽"
Кузнецова М.И.,5000. Тренировочные примеры по математике. 1 класс. Счет от 6 до 10. ФГОС,"77,00 ₽",https://cdn.shop.prosv.ru/content/images/thumbs/0090014_240.jpeg,"Кузнецова М.И.77,00 ₽"
Кузнецова М.И.,5000. ТРЕНИРОВОЧНЫЕ ПРИМЕРЫ ПО МАТЕМАТИКЕ. 2 КЛАСС. ПОВТОРЕНИЕ И ЗАКРЕПЛЕНИЕ. ФГОС,"58,00 ₽",https://cdn.shop.prosv.ru/content/images/thumbs/0090018_240.jpeg,"Кузнецова М.И.58,00 ₽"
Кузнецова М.И.,5000. Тренировочные примеры по математике. 2 класс. Счет в пределах 100. ФГОС,"79,00 ₽",https://cdn.shop.prosv.ru/content/images/thumbs/0087206_240.jpeg,"Кузнецова М.И.79,00 ₽"
Кузнецова М.И.,5000. Тренировочные примеры по математике. Внетабличное умножение и деление. 3-4 классы. ФГОС,"77,00 ₽",https://cdn.shop.prosv.ru/content/images/thumbs/0086755_240.jpeg,"Кузнецова М.И.77,00 ₽"
Кузнецова М.И.,5000. Тренировочные примеры по математике. Повторение и закрепление. 3 класс. ФГОС,"79,00 ₽",https://cdn.shop.prosv.ru/content/images/thumbs/0086754_5000-trenirovonye-primery-po-matematike-povtorenie-i-zakreplenie-3-klass-fgos_240.jpeg,"Кузнецова М.И.79,00 ₽"
Кузнецова М.И.,5000. Тренировочные примеры по математике. Повторение и закрепление. 4 класс. ФГОС,"77,00 ₽",https://cdn.shop.prosv.ru/content/images/thumbs/0090011_240.jpeg,"Кузнецова М.И.77,00 ₽"
Кузнецова М.И.,5000. Тренировочные примеры по математике. Счет в пределах 10. 1 класс. ФГОС,"77,00 ₽",https://cdn.shop.prosv.ru/content/images/thumbs/0090012_240.jpeg,"Кузнецова М.И.77,00 ₽"
Кузнецова М.И.,5000. Тренировочные примеры по математике. Счет от 1 до 5. 1 класс. ФГОС,"77,00 ₽",https://cdn.shop.prosv.ru/content/images/thumbs/0090013_240.jpeg,"Кузнецова М.И.77,00 ₽"
Кузнецова М.И.,5000. Тренировочные примеры по математике. Табличное умножение и деление. 2-3 классы. ФГОС,"79,00 ₽",https://cdn.shop.prosv.ru/content/images/thumbs/0086756_240.jpeg,"Кузнецова М.И.79,00 ₽"
Кузнецова М.И.,5000. Тренировочные примеры по математике. Учимся писать цифры. 1 класс. ФГОС,"77,00 ₽",https://cdn.shop.prosv.ru/content/images/thumbs/0090015_240.jpeg,"Кузнецова М.И.77,00 ₽"
Кузнецова М.И.,5000. Тренировочные примеры по русскому языку. Безударные гласные. 1 класс. ФГОС,"77,00 ₽",https://cdn.shop.prosv.ru/content/images/thumbs/0090016_240.jpeg,"Кузнецова М.И.77,00 ₽"
Кузнецова М.И.,5000. Тренировочные примеры по русскому языку. Безударные гласные. 2 класс. ФГОС,"79,00 ₽",https://cdn.shop.prosv.ru/content/images/thumbs/0086757_240.jpeg,"Кузнецова М.И.79,00 ₽"
Кузнецова М.И.,5000. Тренировочные примеры по русскому языку. Безударные гласные. 3 класс. ФГОС,"79,00 ₽",https://cdn.shop.prosv.ru/content/images/thumbs/0086758_240.jpeg,"Кузнецова М.И.79,00 ₽"
Кузнецова М.И.,5000. Тренировочные примеры по русскому языку. Безударные гласные. 4 класс. ФГОС,"77,00 ₽",https://cdn.shop.prosv.ru/content/images/thumbs/0090017_240.jpeg,"Кузнецова М.И.77,00 ₽"
Кузнецова М.И.,5000. Тренировочные примеры по русскому языку. Контрольное списывание. 1 класс. ФГОС,"79,00 ₽",https://cdn.shop.prosv.ru/content/images/thumbs/0086759_240.jpeg,"Кузнецова М.И.79,00 ₽"
Кузнецова М.И.,5000. Тренировочные примеры по русскому языку. Контрольное списывание. 2 класс. ФГОС,"77,00 ₽",https://cdn.shop.prosv.ru/content/images/thumbs/0086760_5000-trenirovonye-primery-po-russkomu-zyku-kontrolnoe-spisyvanie-2-klass-fgos_240.jpeg,"Кузнецова М.И.77,00 ₽"
